Title,Address,Phone,country_code,Website,Emails
TechNeeqs - The Best Software Company Across USA,"279 W Commerce St, Dallas, TX 75208, संयुक्त राज्य",+13362233131,1,techneeqs.com,null
Numpy Labs LLC (numpylabs) || Best AWS Cloud Engineers in USA || Top-Rated AWS Certified Engineers ||,"1603 Capitol Ave suite 413 PMB 4000, Cheyenne, WY 82001, संयुक्त राज्य",+16506009280,1,https://numpylabs.com,null
Appnox Technologies | Top Software Developement Company in USA,"2055 Limestone Rd Suite 200 C, Wilmington, DE 19808, संयुक्त राज्य",+12036686753,1,https://appnox.ai,sales@appnox.ai;shiv.appnox@gmail.com
Software Global USA,"2512 I-35 #125, Austin, TX 78704, संयुक्त राज्य",+15127774003,1,https://softwareglobalusa.com,null
Top Software Company in California USA | AI Agent | AI/ML | Gen AI | UX | Product Development,"1600 Duane Ave, Santa Clara, CA 95054, संयुक्त राज्य",+16692056902,1,https://47billion.com,null
Kanda Software,"233 Needham St #550, Newton, MA 02464, संयुक्त राज्य",+16173403850,1,https://kandasoft.com,contact@kandasoft.com;us617-340-3850contact@kandasoft.comwhy
Codemize Technologies | Software Development | APP Development | Digital Marketing | Web Development | QA Automation |,"826 E 1st St, Fort Worth, TX 76102, संयुक्त राज्य",,US,https://rcodemize.com,info@rcodemize.com
Burqsoft Technologies,"3754 S Sepulveda Blvd, Los Angeles, CA 90034, संयुक्त राज्य",+1923132950658,1,,null
Cloudester Software LLC - Software Development Company USA,"85 Delancey St, New York, NY 10002, संयुक्त राज्य",+19293250230,1,cloudester.com,null
Software AG USA,"2901 Tasman Dr #219, Santa Clara, CA 95054, संयुक्त राज्य",+17038605050,1,https://softwareag.com,null
American Software Inc,"470 East Paces Ferry Rd NE, Atlanta, GA 30305, संयुक्त राज्य",+18007262946,1,https://amsoftware.com,null
Agicent App Company NYC,"60 E 42nd St 46th floor, New York, NY 10165, संयुक्त राज्य",+13474671089,1,agicent.com,null
Imenso Software - Software Development Company in USA,"2096 White Plains Rd Unit #3001, Bronx, NY 10462, संयुक्त राज्य",+13153520305,1,https://imensosoftware.com,null
"AI, IoT Consulting & Offshore Software Development Company in the USA","75 Broadway #202, San Francisco, CA 94111, संयुक्त राज्य",,US,https://fusioninformatics.com,null
Software Pro Digital,"420 Lexington Ave, Manhattan, NY 10170, संयुक्त राज्य",+13477194581,1,https://softwareprodigital.com,dev@softwarepro.nyc;sales@softwarepro.nyc;sales@softwareprodigital.com
Unified Infotech | Best Software Development Company,"79 Madison Ave 730, #760, New York, NY 10016, संयुक्त राज्य",+19292409456,1,https://unifiedinfotech.net,null
App Development Companies,"One World Trade Center, 285 Fulton St Suite 8500, New York, NY 10007, संयुक्त राज्य",+16465713497,1,appdevelopmentcompanies.co,null
Apptechies - Website & Mobile App Development Company in USA,"701 Tillery St Unit 12, 3014, Austin, TX 78702, संयुक्त राज्य",+13178848958,1,https://apptechies.com,null
Software of America,,+17744095688,1,https://softwareofamerica.com,null
SynapseCo - Software Development Company USA,"306W W 36th St., New York, NY 10018, संयुक्त राज्य",+18557962773,1,https://synapseco.com,info@synapseco.com
Trango Tech New York - Mobile App development Company,"459 Columbus Ave unit 1090, New York, NY 10024, संयुक्त राज्य",+18334422270,1,https://trangotech.com,null
That's Us Technologies,"5001 W Lemon St, Tampa, FL 33609, संयुक्त राज्य",+18553433943,1,https://thatsus.com,info@thatsus.com
Objective,"155 N 400 W #460, Salt Lake City, UT 84103, संयुक्त राज्य",+18019602030,1,https://objective.dev,null
Custom Software Development Company USA,"6730 W 140th St #4004, Overland Park, KS 66223, संयुक्त राज्य",+13159442798,1,grsoftsolution.com,null
Agicent App Development Company USA,"184 Ryan Rd, Marlboro Township, NJ 07746, संयुक्त राज्य",+13474671089,1,agicent.com,null
TechnBrains New York - Mobile App Development Company,"165 Broadway Suite # 1007, 23rd Floor, New York, NY 10006, संयुक्त राज्य",+18338886032,1,https://technbrains.com,contact@technbrains.com
Software for Good,,,US,https://softwareforgood.com,null
TechnBrains Texas - Mobile App Development Company,"2451 W Grapevine Mills Cir Suite # 116, Grapevine, TX 76051, संयुक्त राज्य",+18338886032,1,https://technbrains.com,contact@technbrains.com
Ideas2IT - Dallas Custom Software Development Company,"3333 Lee Pkwy # 600, Dallas, TX 75219, संयुक्त राज्य",+18449874332,1,https://ideas2it.com,null
WebCastle Technologies USA,"51 Melcher St, Boston, MA 02210, संयुक्त राज्य",+12403473649,1,https://webcastle.us,mail@webcastle.ae;mail@webcastle.in;sales@webcastle.com
Snow Software,"1801 E 6th St Suite 350, Austin, TX 78702, संयुक्त राज्य",+14804091612,1,https://snowsoftware.com,null
SAP America Inc.,"3999 West Chester Pike, Newtown Square, PA 19073, संयुक्त राज्य",+16106611000,1,https://sap.com,null
TatvaSoft - Software Development Company Dallas,"17304 Preston Rd Suite 800, Dallas, TX 75252, संयुक्त राज्य",+14696383402,1,https://tatvasoft.com,null
SynergisticIT - Home of the Best Data Scientists / Software Developers in the bay area,"39141 Civic Center Dr Suite 201, Fremont, CA 94539, संयुक्त राज्य",+15105507200,1,https://synergisticit.com,null
"Upland Software, Inc.","401 Congress Ave. Suite 1850, Austin, TX 78701, संयुक्त राज्य",+18338752631,1,https://uplandsoftware.com,null
Houston Software Development Company - Entrance,"720 Rusk St #229, Houston, TX 77002, संयुक्त राज्य",+18442628005,1,https://entranceconsulting.com,null
Internet Soft | Software Development Company in California,"6203 San Ignacio Ave #110, San Jose, CA 95119, संयुक्त राज्य",+13108965671,1,internetsoft.com,null
Vention - Software Development Company,"650 California St, San Francisco, CA 94108, संयुक्त राज्य",+17183745043,1,ventionteams.com,null
Highland,"125 S Clark St Suite 670, Chicago, IL 60603, संयुक्त राज्य",+13128637500,1,highlandsolutions.com,null
SoftCircles: Software Development Company New York,"245 Newkirk Ave #3, Brooklyn, NY 11230, संयुक्त राज्य",+16086207036,1,https://softcircles.com,null
Highland,"125 S Clark St Suite 670, Chicago, IL 60603, संयुक्त राज्य",+13128637500,1,highlandsolutions.com,null
SoftCircles: Software Development Company New York,"245 Newkirk Ave #3, Brooklyn, NY 11230, संयुक्त राज्य",+16086207036,1,https://softcircles.com,null
Wama Technology - Mobile App Development Company in USA,"770 Old Roswell Pl suite i-200, Roswell, GA 30076, संयुक्त राज्य",+1919870815661,1,https://wamatechnology.com,hr@wamatechnology.com;info@wamatechnology.com;usinfo@wamatechnology.comhr
BitsWits New York - Mobile App Development Company,"26 Broadway Suite 934, New York, NY 10004, संयुक्त राज्य",+18335006007,1,bitswits.co,null
Azumo,"50-60 Francisco St, San Francisco, CA 94133, संयुक्त राज्य",+14156107002,1,https://azumo.com,null
Miles IT - Managed Service Provider,"100 Mt Holly Bypass, Lumberton Township, NJ 08048, संयुक्त राज्य",+18563145928,1,https://milesit.com,null
Embrace,"197 U.S. Hwy 40 B, Troy, IL 62294, संयुक्त राज्य",+18884379326,1,https://embraceeducation.com,success@embraceeducation.com;success@embraceeducation.comcall
Richestsoft - Top Mobile App Development Company USA,"830 Hems Ln, Arlington, TX 76001, संयुक्त राज्य",+13152104488,1,https://richestsoft.com,info@richestsoft.com
"Web, Mobile App Development & Software Development Company Texas, USA","4100 Northwest Loop 410, San Antonio, TX 78229, संयुक्त राज्य",+18304213595,1,https://maneksoft.com,null
G2,"100 S Wacker Dr #600, Chicago, IL 60606, संयुक्त राज्य",+18477487559,1,https://g2.com,null
Text Request,"417 Market St Suite 201, Chattanooga, TN 37402, संयुक्त राज्य",+14232180111,1,https://textrequest.com,null
"Roars Technologies - Web Development, User Experience Design & App Development Company in USA","9300 John Hickman Pkwy Suite 401, Frisco, TX 75035, संयुक्त राज्य",+13025051200,1,https://roarsinc.com,null
Glorium Technologies | Custom software development,"100 Overlook Center 2nd floor, Princeton, NJ 08540, संयुक्त राज्य",+18883540883,1,https://gloriumtech.com,null
"Saigon Technology - AI-Driven Software Development Company in Virginia, USA","12110 Sunset Hills Rd Suite 600, Reston, VA 20190, संयुक्त राज्य",+12026304276,1,https://saigontechnology.com,null
Texas Software,"12100 Metric Blvd, Austin, TX 78758, संयुक्त राज्य",+18325433360,1,texassoftware.com,null
Setmore,"1033 SE Main St Ste 5, Portland, OR 97214, संयुक्त राज्य",+18007169964,1,https://setmore.com,null
Software Development Company Dallas - Gulf State,"539 W Commerce St #4258, Dallas, TX 75208, संयुक्त राज्य",+18005516222,1,https://gulfstatesoftware.net,null
Systems USA,"7567 Amador Valley Blvd # 310, Dublin, CA 94568, संयुक्त राज्य",+19252308860,1,https://sysusit.com,null
U S Software Inc,"197-17 100th Ave, Hollis, NY 11423, संयुक्त राज्य",+16467668222,1,https://ussoftwareinc.com,null
Microsoft Corporation,"Building LC1, 7000 State Hwy 161, Irving, TX 75039, संयुक्त राज्य",+14697750000,1,https://microsoft.com,null
American Programming Company,"1255 Treat Blvd, Walnut Creek, CA 94597, संयुक्त राज्य",+19255292611,1,https://amprogco.com,info@amprogco.com
Texas Software,"4403 Bridgestone Maple Dr, Spring, TX 77388, संयुक्त राज्य",+18325433360,1,texassoftware.com,null
American Unit Business Software,"Photo Lab, 2901 Dallas Pkwy, Plano, TX 75093, संयुक्त राज्य",+19723983333,1,https://americanunit.com,contact@americanunit.com
MojoTech,"56 Exchange Ter #210, Providence, RI 02903, संयुक्त राज्य",+18556656832,1,https://mojotech.com,null
RichestSoft - App Development Company in USA,"2340 W Florida St Ext, Mandeville, LA 70448, संयुक्त राज्य",,US,https://richestsoft.com,info@richestsoft.com
USA Software Development,"511 E Harvard St # 6, Glendale, CA 91205, संयुक्त राज्य",+17472562902,1,,null
"DevRabbit - Software Company Folsom, CA, USA",,+16503528686,1,https://devrabbit.com,info@devrabbit.com
Algorithm Inc,"6724 Perimeter Loop Rd 332 #332, Dublin, OH 43017, संयुक्त राज्य",+18885228588,1,https://algorithminc.com,info@algorithminc.com
App Maisters USA,"2245 Texas Dr #300, Sugar Land, TX 77479, संयुक्त राज्य",+18888073818,1,https://appmaisters.com,sales@appmaisters.com
"ANGLER Technologies USA Inc - Development of Android & iOS Mobile Apps, Open Source & Microsoft, End-to-end Software Testing","305 Madison Ave #449, New York, NY 10165, संयुक्त राज्य",+16462908609,1,https://angleritech.com,enquiry@angleritech.com
DxMinds Technologies - Hire Software Developers | Mobile App Development Company in San Francisco,"50 California St #1500, San Francisco, CA 94111, संयुक्त राज्य",+17483546629,1,https://dxminds.com,null
AIS Technolabs- Software & App Development Company in New York | Web Design & Development,"303 5th Ave #211, New York, NY 10016, संयुक्त राज्य",+19177460700,1,https://aistechnolabs.com,null
Quytech - Mobile App Development Company,"188 Grand St Unit #212, New York, NY 10013, संयुक्त राज्य",+19099540408,1,https://quytech.com,info@quytech.com
SAP America Inc.,"10 Hudson Yards, Manhattan, NY 10001, संयुक्त राज्य",+12126539600,1,https://sap.com,null
Unique Software Development,"140 Broadway 46th floor, New York, NY 10005, संयुक्त राज्य",+18559764873,1,https://uniquesoftwaredev.com,info@uniquesoftwaredev.com
USA Software Inc,"9900 Stirling Rd # 302, Hollywood, FL 33024, संयुक्त राज्य",+19544363911,1,https://usa-software.com,null
Appicoders | Mobile App Development Company in New York,"26 Broadway Suite 934, New York, NY 10004, संयुक्त राज्य",+18008268018,1,https://appicoders.com,info@appicoders.com
Unique Software Development,"2021 Guadalupe St, Austin, TX 78705, संयुक्त राज्य",+18559764873,1,https://uniquesoftwaredev.com,info@uniquesoftwaredev.com
Packback Inc.,"125 S Clark St STE 1150, Chicago, IL 60603, संयुक्त राज्य",,US,https://packback.co,null
Salesforce,"929 108th Ave NE Unit 1800, Bellevue, WA 98004, संयुक्त राज्य",+12067011755,1,https://salesforce.com,null
"Agency Software, Inc.","215 W Commerce Dr, Hayden Lake, ID 83835, संयुक्त राज्य",+18003427327,1,https://agencysoftware.com,null
DOIT Software,"6 Liberty Sq #2305, Boston, MA 02109, संयुक्त राज्य",+19299991825,1,https://doit.software,contact@doit.software;request@doit.software
Stone Mountain Software,"10373 SW Purity Springs Rd #7787, Augusta, KS 67010, संयुक्त राज्य",+13167441334,1,https://stonemountainsoftware.com,null
Software Outfitters Inc,"6340 College Blvd, Leawood, KS 66211, संयुक्त राज्य",+19136850007,1,https://softwareoutfitters.com,null
HIRECLICK,"225 E 11th St #212, Sioux Falls, SD 57104, संयुक्त राज्य",+16053055033,1,https://employers.hireclick.com,null
Best Software Development Company,"1431 Simpson Rd, Kissimmee, FL 34744, संयुक्त राज्य",+16143357340,1,https://infinititechllc.com,null
SADA,"5250 Lankershim Blvd Suite 720, North Hollywood, CA 91601, संयुक्त राज्य",+18187662400,1,https://sada.com,null
App Development USA,"349 5th Ave, New York, NY 10016, संयुक्त राज्य",+1449174778991,1,https://ueniweb.com,269-4427help@ueni.comhow;help@ueni.com
Tvisha Technologies - Web and Mobile App Development Company,"33 Wood Ave Suite 600, Iselin, NJ 08830, संयुक्त राज्य",,US,tvisha.com,null
Dallas Software Development Company,"100 Crescent Ct Suite 700, Dallas, TX 75201, संयुक्त राज्य",+12144323594,1,https://entranceconsulting.com,null
Cisco Building 6,"2300 E President George Bush Hwy, Richardson, TX 75082, संयुक्त राज्य",+14692550000,1,https://cisco.com,null
गुगलप्लेक्स,"1600 Amphitheatre Pkwy, Mountain View, CA 94043, संयुक्त राज्य",+16502530000,1,https://about.google,null
Whizcamp - Trusted Web & Mobile App Development Company USA,"1595, 701 Tillery St #12, Austin, TX 78702, संयुक्त राज्य",+12137858151,1,https://whizcamp.tech,info@whizcamp.tech;sales@whizcamp.tech
AppsNation California (Mobile Apps | Games | VR /AR | Metaverse & Software Development Company),"3415 S Sepulveda Blvd #1100, Los Angeles, CA 90034, संयुक्त राज्य",+13237989803,1,appsnation.co,null
Engine,"1601 Wewatta St STE 250, Denver, CO 80202, संयुक्त राज्य",+18555674683,1,https://engine.com,null
BIT Studios - Chicago Software Development Company,,+14697078782,1,https://bitstudios.com,null
IT Company,"1049 El Monte Ave Ste C #755, Mountain View, CA 94040, संयुक्त राज्य",+18882127525,1,https://itcompany.us,null
Vice Software,"11801 Domain Dr, Austin, TX 78758, संयुक्त राज्य",+18553492248,1,https://vicesoftware.com,349-2248hello@vicesoftware.com
Caselle,"1656 S E Bay Blvd # 100, Provo, UT 84606, संयुक्त राज्य",+18018505000,1,https://caselle.com,null
"AndPlus, An Ensono Company","257 Turnpike Rd suite 200, Southborough, MA 01772, संयुक्त राज्य",+15084257533,1,,null
Paperless Pipeline,"8480 Lakeshore Dr, Dexter, IA 50070, संयुक्त राज्य",+18444672737,1,https://paperlesspipeline.com,null
Bound State Software Inc.,"422 Richards St #170, Vancouver, BC V6B 2Z4, क्यानाडा",+17788002260,1,https://boundstatesoftware.com,null
Clear Function,"2277 West St, Germantown, TN 38138, संयुक्त राज्य",+19016142214,1,clearfunction.com,null
Entrata,"4205 Chapel Ridge Rd, Lehi, UT 84043, संयुक्त राज्य",+18013755522,1,https://entrata.com,sales@entrata.com
Synapse Software,"415 N Tejon St, Colorado Springs, CO 80903, संयुक्त राज्य",+17194456671,1,https://synapsesoftware.com,info@synapsesoftware.com
