Title,Address,Phone,country_code,Website,Emails
TechNeeqs - The Best Software Company Across USA,"279 W Commerce St, Dallas, TX 75208, संयुक्त राज्य",+13362233131,1,techneeqs.com,null
Top Software Company in California USA | AI Agent | AI/ML | Gen AI | UX | Product Development,"1600 Duane Ave, Santa Clara, CA 95054, संयुक्त राज्य",+16692056902,1,https://47billion.com,null
Appnox Technologies | Top Software Developement Company in USA,"2055 Limestone Rd Suite 200 C, Wilmington, DE 19808, संयुक्त राज्य",+12036686753,1,https://appnox.ai,sales@appnox.ai;shiv.appnox@gmail.com
Unified Infotech | Best Software Development Company,"79 Madison Ave 730, #760, New York, NY 10016, संयुक्त राज्य",+19292409456,1,https://unifiedinfotech.net,null
Software Global USA,"2512 I-35 #125, Austin, TX 78704, संयुक्त राज्य",+15127774003,1,https://softwareglobalusa.com,null
Vention,"575 Lexington Ave Floor 14, New York, NY 10022, संयुक्त राज्य",+17183745043,1,ventionteams.com,null
Unity Technologies,"116 New Montgomery St, San Francisco, CA 94105, संयुक्त राज्य",,US,https://unity.com,null
Kanda Software,"233 Needham St #550, Newton, MA 02464, संयुक्त राज्य",+16173403850,1,https://kandasoft.com,contact@kandasoft.com;us617-340-3850contact@kandasoft.comwhy
"Upland Software, Inc.","401 Congress Ave. Suite 1850, Austin, TX 78701, संयुक्त राज्य",+18338752631,1,https://uplandsoftware.com,null
Cloudester Software LLC - Software Development Company USA,"85 Delancey St, New York, NY 10002, संयुक्त राज्य",+19293250230,1,cloudester.com,null
American Software Inc,"470 East Paces Ferry Rd NE, Atlanta, GA 30305, संयुक्त राज्य",+18007262946,1,https://amsoftware.com,null
Software for Good,,,US,https://softwareforgood.com,null
Burqsoft Technologies,"3754 S Sepulveda Blvd, Los Angeles, CA 90034, संयुक्त राज्य",+1923132950658,1,,null
SAP America Inc.,"3999 West Chester Pike, Newtown Square, PA 19073, संयुक्त राज्य",+16106611000,1,https://sap.com,null
Sapphire Software Solutions - Top Mobile Application Development Company,"5004 NW 116th Ave, Coral Springs, FL 33076, संयुक्त राज्य",+17542587670,1,sapphiresolutions.net,null
Imenso Software - Software Development Company in USA,"2096 White Plains Rd Unit #3001, Bronx, NY 10462, संयुक्त राज्य",+13153520305,1,https://imensosoftware.com,null
Codemize Technologies | Software Development | APP Development | Digital Marketing | Web Development | QA Automation |,"826 E 1st St, Fort Worth, TX 76102, संयुक्त राज्य",,US,https://rcodemize.com,info@rcodemize.com
Vention - Software Development Company,"650 California St, San Francisco, CA 94108, संयुक्त राज्य",+17183745043,1,ventionteams.com,null
Ideas2IT - Dallas Custom Software Development Company,"3333 Lee Pkwy # 600, Dallas, TX 75219, संयुक्त राज्य",+18449874332,1,https://ideas2it.com,null
Agicent App Company NYC,"60 E 42nd St 46th floor, New York, NY 10165, संयुक्त राज्य",+13474671089,1,agicent.com,null
Houston Software Development Company - Entrance,"720 Rusk St #229, Houston, TX 77002, संयुक्त राज्य",+18442628005,1,https://entranceconsulting.com,null
Snow Software,"1801 E 6th St Suite 350, Austin, TX 78702, संयुक्त राज्य",+14804091612,1,https://snowsoftware.com,null
SynapseCo - Software Development Company USA,"306W W 36th St., New York, NY 10018, संयुक्त राज्य",+18557962773,1,https://synapseco.com,info@synapseco.com
Software of America,,+17744095688,1,https://softwareofamerica.com,null
SynergisticIT - Home of the Best Data Scientists / Software Developers in the bay area,"39141 Civic Center Dr Suite 201, Fremont, CA 94539, संयुक्त राज्य",+15105507200,1,https://synergisticit.com,null
"AI, IoT Consulting & Offshore Software Development Company in the USA","75 Broadway #202, San Francisco, CA 94111, संयुक्त राज्य",,US,https://fusioninformatics.com,null
American Unit Business Software,"Photo Lab, 2901 Dallas Pkwy, Plano, TX 75093, संयुक्त राज्य",+19723983333,1,https://americanunit.com,contact@americanunit.com
TechnBrains New York - Mobile App Development Company,"165 Broadway Suite # 1007, 23rd Floor, New York, NY 10006, संयुक्त राज्य",+18338886032,1,https://technbrains.com,contact@technbrains.com
TatvaSoft - Software Development Company Dallas,"17304 Preston Rd Suite 800, Dallas, TX 75252, संयुक्त राज्य",+14696383402,1,https://tatvasoft.com,null
App Development Companies,"One World Trade Center, 285 Fulton St Suite 8500, New York, NY 10007, संयुक्त राज्य",+16465713497,1,appdevelopmentcompanies.co,null
Internet Soft | Software Development Company in California,"6203 San Ignacio Ave #110, San Jose, CA 95119, संयुक्त राज्य",+13108965671,1,internetsoft.com,null
CSE Software Inc.,"316 SW Washington St #300, Peoria, IL 61602, संयुक्त राज्य",+13096707595,1,https://csesoftware.com,info@csesoftware.com
Custom Software Development Company USA,"6730 W 140th St #4004, Overland Park, KS 66223, संयुक्त राज्य",+13159442798,1,grsoftsolution.com,null
"MX Technologies, Inc.","N 3401 N Thanksgiving Way #500, Lehi, UT 84043, संयुक्त राज्य",+18016695500,1,https://mx.com,null
Trango Tech New York - Mobile App development Company,"459 Columbus Ave unit 1090, New York, NY 10024, संयुक्त राज्य",+18334422270,1,https://trangotech.com,null
TechnBrains Texas - Mobile App Development Company,"2451 W Grapevine Mills Cir Suite # 116, Grapevine, TX 76051, संयुक्त राज्य",+18338886032,1,https://technbrains.com,contact@technbrains.com
Software AG USA,"2901 Tasman Dr #219, Santa Clara, CA 95054, संयुक्त राज्य",+17038605050,1,https://softwareag.com,null
Apptechies - Website & Mobile App Development Company in USA,"701 Tillery St Unit 12, 3014, Austin, TX 78702, संयुक्त राज्य",+13178848958,1,https://apptechies.com,null
New York Software Developers,"80 Broad St #500, New York, NY 10004, संयुक्त राज्य",+12122211348,1,https://newyorksoftwaredevelopers.com,hello@newyorksoftwaredevelopers.com
Top Software Product Development Company.,"12110 Sunset Hills Rd Suite 600, Reston, VA 20190, संयुक्त राज्य",+12026304276,1,https://saigontechnology.com,null
Top Software Product Development Company.,"12110 Sunset Hills Rd Suite 600, Reston, VA 20190, संयुक्त राज्य",+12026304276,1,https://saigontechnology.com,null
Glorium Technologies | Custom software development,"100 Overlook Center 2nd floor, Princeton, NJ 08540, संयुक्त राज्य",+18883540883,1,https://gloriumtech.com,null
G2,"100 S Wacker Dr #600, Chicago, IL 60606, संयुक्त राज्य",+18477487559,1,https://g2.com,null
Azumo,"50-60 Francisco St, San Francisco, CA 94133, संयुक्त राज्य",+14156107002,1,https://azumo.com,null
"Saigon Technology - AI-Driven Software Development Company in Virginia, USA","12110 Sunset Hills Rd Suite 600, Reston, VA 20190, संयुक्त राज्य",+12026304276,1,https://saigontechnology.com,null
Richestsoft - Top Mobile App Development Company USA,"830 Hems Ln, Arlington, TX 76001, संयुक्त राज्य",+13152104488,1,https://richestsoft.com,info@richestsoft.com
"Antra, Inc.","21000 Atlantic Blvd STE 300, Sterling, VA 20166, संयुक्त राज्य",+17039944545,1,https://antra.com,null
Texas Software,"12100 Metric Blvd, Austin, TX 78758, संयुक्त राज्य",+18325433360,1,texassoftware.com,null
BitsWits New York - Mobile App Development Company,"26 Broadway Suite 934, New York, NY 10004, संयुक्त राज्य",+18335006007,1,bitswits.co,null
Texas Software,"4403 Bridgestone Maple Dr, Spring, TX 77388, संयुक्त राज्य",+18325433360,1,texassoftware.com,null
AIS Technolabs- Software & App Development Company in New York | Web Design & Development,"303 5th Ave #211, New York, NY 10016, संयुक्त राज्य",+19177460700,1,https://aistechnolabs.com,null
Agicent App Development Company USA,"184 Ryan Rd, Marlboro Township, NJ 07746, संयुक्त राज्य",+13474671089,1,agicent.com,null
Software Pro Digital,"420 Lexington Ave, Manhattan, NY 10170, संयुक्त राज्य",+13477194581,1,https://softwareprodigital.com,dev@softwarepro.nyc;sales@softwarepro.nyc;sales@softwareprodigital.com
FPT USA CORP,"801 E Campbell Rd, Richardson, TX 75081, संयुक्त राज्य",+12142532662,1,https://fpt-software.com,null
Infosys Ltd,"2400 N Glenville Dr c150, Richardson, TX 75082, संयुक्त राज्य",+18028520261,1,https://infosys.com,null
Cadence Design Systems,"2655 Seely Ave, San Jose, CA 95134, संयुक्त राज्य",+14089431234,1,https://cadence.com,null
Best Software Development Company,"1431 Simpson Rd, Kissimmee, FL 34744, संयुक्त राज्य",+16143357340,1,https://infinititechllc.com,null
"Web, Mobile App Development & Software Development Company Texas, USA","4100 Northwest Loop 410, San Antonio, TX 78229, संयुक्त राज्य",+18304213595,1,https://maneksoft.com,null
Square State Software,"16798 Foxwood Ln, Morrison, CO 80465, संयुक्त राज्य",,US,https://squarestatesoftware.com,agent@squarestatesoftware.comzerif
IBM,"2800 37th St NW, Rochester, MN 55901, संयुक्त राज्य",+15072535010,1,https://ibm.com,null
Oracle,"1595 Spring Hill Rd #300, Vienna, VA 22182, संयुक्त राज्य",+17036773999,1,https://oracle.com,null
Unique Software Development,"140 Broadway 46th floor, New York, NY 10005, संयुक्त राज्य",+18559764873,1,https://uniquesoftwaredev.com,info@uniquesoftwaredev.com
Text Request,"417 Market St Suite 201, Chattanooga, TN 37402, संयुक्त राज्य",+14232180111,1,https://textrequest.com,null
BIT Studios - Chicago Software Development Company,,+14697078782,1,https://bitstudios.com,null
American Programming Company,"1255 Treat Blvd, Walnut Creek, CA 94597, संयुक्त राज्य",+19255292611,1,https://amprogco.com,info@amprogco.com
Calibrate Software,"2003 W Fulton St #513, Chicago, IL 60612, संयुक्त राज्य",+17732822073,1,https://calibrated.io,null
That's Us Technologies,"5001 W Lemon St, Tampa, FL 33609, संयुक्त राज्य",+18553433943,1,https://thatsus.com,info@thatsus.com
"Roars Technologies - Web Development, User Experience Design & App Development Company in USA","9300 John Hickman Pkwy Suite 401, Frisco, TX 75035, संयुक्त राज्य",+13025051200,1,https://roarsinc.com,null
Quytech - Mobile App Development Company,"188 Grand St Unit #212, New York, NY 10013, संयुक्त राज्य",+19099540408,1,https://quytech.com,info@quytech.com
NEX Softsys : Offshore Software Development Company,"477 Madison Ave 6th floor, New York, NY 10022, संयुक्त राज्य",+16469710799,1,nexsoftsys.com,null
Softweb Solutions Inc. - An Avnet Company,"7950 Legacy Dr Ste 250, Plano, TX 75024, संयुक्त राज्य",+18663457638,1,https://softwebsolutions.com,info@softwebsolutions.com
Dallas Software Development Company,"100 Crescent Ct Suite 700, Dallas, TX 75201, संयुक्त राज्य",+12144323594,1,https://entranceconsulting.com,null
HCLTech,"2600 Great America Way Suite 101, Santa Clara, CA 95054, संयुक्त राज्य",+14087330480,1,https://hcltech.com,null
Bass International Software,"4449 Easton Way #200, Columbus, OH 43219, संयुक्त राज्य",+18772270155,1,https://onevuex.com,null
Stone Mountain Software,"10373 SW Purity Springs Rd #7787, Augusta, KS 67010, संयुक्त राज्य",+13167441334,1,https://stonemountainsoftware.com,null
DxMinds Technologies - Hire Software Developers | Mobile App Development Company in San Francisco,"50 California St #1500, San Francisco, CA 94111, संयुक्त राज्य",+17483546629,1,https://dxminds.com,null
DOIT Software,"6 Liberty Sq #2305, Boston, MA 02109, संयुक्त राज्य",+19299991825,1,https://doit.software,contact@doit.software;request@doit.software
"SharpQuest, Inc. - Software Development Company","850 Stephenson Hwy Suite 102, Troy, MI 48083, संयुक्त राज्य",+12482682592,1,sharpquest.com,null
Software Development Company Dallas - Gulf State,"539 W Commerce St #4258, Dallas, TX 75208, संयुक्त राज्य",+18005516222,1,https://gulfstatesoftware.net,null
Miles IT - Managed Service Provider,"100 Mt Holly Bypass, Lumberton Township, NJ 08048, संयुक्त राज्य",+18563145928,1,https://milesit.com,null
Software Outfitters Inc,"6340 College Blvd, Leawood, KS 66211, संयुक्त राज्य",+19136850007,1,https://softwareoutfitters.com,null
RichestSoft - App Development Company in USA,"2340 W Florida St Ext, Mandeville, LA 70448, संयुक्त राज्य",,US,https://richestsoft.com,info@richestsoft.com
"Square Enix U.S.A., Inc.","999 N Pacific Coast Hwy, El Segundo, CA 90245, संयुक्त राज्य",+13108460400,1,https://square-enix.com,null
Caliper Corporation Mapping Software,"1172 Beacon St, Newton, MA 02461, संयुक्त राज्य",+16175274700,1,https://caliper.com,sales@caliper.com
United Software Group Inc,"6000 Venture Dr Suite C & D, Dublin, OH 43017, संयुक्त राज्य",+16144959222,1,https://usgrpinc.com,info@usgrpinc.com
Systems USA,"7567 Amador Valley Blvd # 310, Dublin, CA 94568, संयुक्त राज्य",+19252308860,1,https://sysusit.com,null
Innovative Software Development Company,"5212 Colfax Ave, Valley Village, CA 91601, संयुक्त राज्य",+16612997406,1,https://innosoftworld.com,isdc@innosoftworld.com
WebCastle Technologies USA,"51 Melcher St, Boston, MA 02210, संयुक्त राज्य",+12403473649,1,https://webcastle.us,mail@webcastle.ae;mail@webcastle.in;sales@webcastle.com
"Agency Software, Inc.","215 W Commerce Dr, Hayden Lake, ID 83835, संयुक्त राज्य",+18003427327,1,https://agencysoftware.com,null
U S Software Inc,"197-17 100th Ave, Hollis, NY 11423, संयुक्त राज्य",+16467668222,1,https://ussoftwareinc.com,null
Workday - Headquarters,"6110 Stoneridge Mall Rd, Pleasanton, CA 94588, संयुक्त राज्य",+18779675329,1,https://workday.com,null
SnapIT Solutions,"6900 College Blvd #470, Overland Park, KS 66211, संयुक्त राज्य",+19132202032,1,https://snapit.solutions,contact@snapit.solutions
Salesforce,"929 108th Ave NE Unit 1800, Bellevue, WA 98004, संयुक्त राज्य",+12067011755,1,https://salesforce.com,null
SADA,"5250 Lankershim Blvd Suite 720, North Hollywood, CA 91601, संयुक्त राज्य",+18187662400,1,https://sada.com,null
Vice Software,"11801 Domain Dr, Austin, TX 78758, संयुक्त राज्य",+18553492248,1,https://vicesoftware.com,349-2248hello@vicesoftware.com
Appicoders | Mobile App Development Company in New York,"26 Broadway Suite 934, New York, NY 10004, संयुक्त राज्य",+18008268018,1,https://appicoders.com,info@appicoders.com
WEZOM,"1821 Walden Office Square #406, Schaumburg, IL 60173, संयुक्त राज्य",+18724444077,1,https://wezom.com,null
SAP America Inc.,"10 Hudson Yards, Manhattan, NY 10001, संयुक्त राज्य",+12126539600,1,https://sap.com,null
"ANGLER Technologies USA Inc - Development of Android & iOS Mobile Apps, Open Source & Microsoft, End-to-end Software Testing","305 Madison Ave #449, New York, NY 10165, संयुक्त राज्य",+16462908609,1,https://angleritech.com,enquiry@angleritech.com
Hammer Corp.,"1401 Lavaca St #41100, Austin, TX 78701, संयुक्त राज्य",+18443930008,1,hammertime.com,null
Hammer Corp.,"1401 Lavaca St #41100, Austin, TX 78701, संयुक्त राज्य",+18443930008,1,hammertime.com,null
Unique Software Development,"2021 Guadalupe St, Austin, TX 78705, संयुक्त राज्य",+18559764873,1,https://uniquesoftwaredev.com,info@uniquesoftwaredev.com
LaunchPad Lab,"448 N La Salle Dr Floor 9, Chicago, IL 60654, संयुक्त राज्य",+13128889651,1,https://launchpadlab.com,null
Intelex Technologies Inc.,"70 University Ave #800, Toronto, ON M5J 2M4, क्यानाडा",+14165996009,1,https://intelex.com,null
US Software Solutions,"1080 N Delaware Ave #511, Philadelphia, PA 19125, संयुक्त राज्य",+19782584907,1,https://ussoftwaresolutions.us,null
Semaphore Software: Software Development Company,"1149 Green St, Iselin, NJ 08830, संयुक्त राज्य",+12012993668,1,https://semaphore-software.com,null
"DevRabbit - Software Company Folsom, CA, USA",,+16503528686,1,https://devrabbit.com,info@devrabbit.com
Synapse Software,"415 N Tejon St, Colorado Springs, CO 80903, संयुक्त राज्य",+17194456671,1,https://synapsesoftware.com,info@synapsesoftware.com
Quantum Metric,"10807 New Allegiance Dr Ste 155, Colorado Springs, CO 80921, संयुक्त राज्य",+17193452400,1,https://quantummetric.com,null
StataCorp LLC,"4905 Lakeway Dr, College Station, TX 77845, संयुक्त राज्य",+19796964600,1,https://stata.com,null
Software Tech World LLC,"823 Congress Ave. Suite 150 #1505, Austin, TX 78767, संयुक्त राज्य",,US,,null
App Maisters USA,"2245 Texas Dr #300, Sugar Land, TX 77479, संयुक्त राज्य",+18888073818,1,https://appmaisters.com,sales@appmaisters.com
USA Software Development,"511 E Harvard St # 6, Glendale, CA 91205, संयुक्त राज्य",+17472562902,1,,null
"Software Engineering of America, Inc","1325 Franklin Ave 5th floor suite 545, Garden City, NY 11530, संयुक्त राज्य",+15163287000,1,https://seasoft.com,null
OneTrust,"505 N Angier Ave NE Suite 9000, Atlanta, GA 30308, संयुक्त राज्य",+14043904157,1,https://onetrust.com,null
Sparkfish,"14665 Midway Rd Suite 200, Addison, TX 75001, संयुक्त राज्य",+12142952418,1,https://sparkfish.com,null
IT Company,"1049 El Monte Ave Ste C #755, Mountain View, CA 94040, संयुक्त राज्य",+18882127525,1,https://itcompany.us,null
ShipHawk,"925 De La Vina St, Santa Barbara, CA 93101, संयुक्त राज्य",+18053352432,1,https://shiphawk.com,null
Whizcamp - Trusted Web & Mobile App Development Company USA,"1595, 701 Tillery St #12, Austin, TX 78702, संयुक्त राज्य",+12137858151,1,https://whizcamp.tech,info@whizcamp.tech;sales@whizcamp.tech
CIENCE Technologies,"1624 Market St Ste 226 #99737, Denver, CO 80202, संयुक्त राज्य",+19494242906,1,https://cience.com,hello@cience.com
